{"cameraMode":{"drawMode":0,"name":"Shaded","section":"Shading Mode"},"sceneLighting":true,"audioPlay":false,"sceneViewState":{"showFog":true,"showMaterialUpdate":true,"showSkybox":true,"showFlares":true,"showImageEffects":true,"showParticleSystems":true},"in2DMode":false,"pivot":{"x":0.11905866861343384,"y":1.041093349456787,"z":0.8888051509857178},"rotation":{"x":-0.0003084086929447949,"y":0.057564593851566318,"z":-0.000017903441403177567,"w":-0.9983417391777039},"size":3.457883596420288,"orthographic":false}